name,category,color,price,image_url1,image_url2,image_url3,image_url4,image_url5,image_url6,brand,link,description,gender_target,style,created_at
Nerdy Equations T-Shirts,Printed T-Shirts,Unknown,549,https://encrypted-tbn2.gstatic.com/shopping?q=tbn:ANd9GcQRWoHHkCqCSZPhdAoNEZg_HohfXF-aIiSgqkM4uC31sWicUHVBPMYugTS_RopNFiy6qjcnxAg9kXgbG1bs7vp1QLc6m99h&usqp=CAY,https://encrypted-tbn0.gstatic.com/shopping?q=tbn:ANd9GcRRVGcmO2EZC3dE0SxWJTMz5sSp0y-T-gOhrODvKMPt4gzCH17isRMPYpxP9TmetJUvVQNnqhvfPhEZX89ZJwP4zwuK1Nj2&usqp=CAY,https://encrypted-tbn0.gstatic.com/shopping?q=tbn:ANd9GcSm_G0whK8vYlq4t-RPu931bZ5sE_As9hkxjuNWq-nVrqaCAlQzd-2MXpQLSLTkdoiXUIWuVRr0aRLd6pIBFOyTXHR2-co_&usqp=CAY,,,,The Souled Store,https://www.thesouledstore.com/product/nerdy-equations-tshirt?srsltid=AfmBOopAzc3gEWr6kNqvftvrezzFNYEHS7t56felPuvY8p2oO3m35fUvZIA,There's no denying the fact that it's the nerds who are going to end up ruling the world one day. Flaunt your nerdiness with this cool t-shirt. Buy...,Unisex,Casual,2025-09-09T15:02:49.580472
The Souled Store Men's Harry Potter Platform Ticket Oversized T-Shirt,Printed T-Shirts,Unknown,1129,https://encrypted-tbn2.gstatic.com/shopping?q=tbn:ANd9GcT35QYlxAJBwGEOdngmNWNKwXF7n0XcXoPRZ1d-3R3SiJUy5sCT8mow2bcWyi16F8lXcs1523hAKZ2VTzmPnsPHczC-gb0V&usqp=CAY,https://encrypted-tbn0.gstatic.com/shopping?q=tbn:ANd9GcTzf967xPTjwc3SV5wKwzPjM16RMqnKrB6pvqjDv_vLn-fcehwyaBiLpCCqiPdRov_ZsL2cMIvTJG6HocFeoBkTXR70V_aW&usqp=CAY,https://encrypted-tbn1.gstatic.com/shopping?q=tbn:ANd9GcQ6QBoFihBCRKVURUqJObCazh6D4NsRQj6QUhF-t-IFWMecvDkTiFJXRH5koLe35iToBFX2LvwtOX9Ak-UtnGYa0kkUwKVTeg&usqp=CAY,https://encrypted-tbn0.gstatic.com/shopping?q=tbn:ANd9GcSUMAvKYHBbsCvG4TPnX7ktKfKVGgpbUg5Lg4xGwxa6_MRFq-2Cq1lCVIySvucjLtu4WPs0tsoAEC3_S7ydtrhkFIwowCyrrw&usqp=CAY,,,The Souled Store,https://www.thesouledstore.com/product/men-oversized-t-shirts-harry-potter-platform-ticket?nsbp=true&srsltid=AfmBOooG5H-4gxnWEJg_LXs1IuDWG_oaEVATdjBgLTDBN7zWsu_9FNR1ucY,Step into the wizarding world with this oversized Harry Potter tee featuring a platform 9three fourth applique patch. Crafted from premium heavy-ga...,Unisex,Casual,2025-09-09T15:02:59.292224
The Souled Store Men's Colorblock Regular Fit T-Shirt,Printed T-Shirts,Unknown,649,https://encrypted-tbn2.gstatic.com/shopping?q=tbn:ANd9GcT0x516mT6RP5--kLTia-uyLE-4LNo7jzmqmT1lpXdmE0cwhS1iASsuG9IDydN-VkGrPRKRo4SoxhRZcmcJUV2lJ8y888K2&usqp=CAY,https://encrypted-tbn2.gstatic.com/shopping?q=tbn:ANd9GcT6HWn95ASr4h7XXhk9s-Sz3J5169MOKwzeWzBRG6bgE7MQzDCW3Mv9_tBKreSJQcdGrdtrJqXr9uWmaheOydVc2aGGVm5qkQ&usqp=CAY,https://encrypted-tbn2.gstatic.com/shopping?q=tbn:ANd9GcQh0TNApuAkZBj9QLvssC7JZJDSqUU2dsx0wmuR_v8xtqDt6AjVWWm7IaNmb3483a5j2dpaBVWkQHVlEkwUxkEQNiK3EHGTzQ&usqp=CAY,https://encrypted-tbn3.gstatic.com/shopping?q=tbn:ANd9GcRXkxVW-Dd-umHXE18-OSWrKBcn6wSUtaLVhngEbehrGDXXNyAXulM8j6YwpBerWtWahEYam3bLblbOuF58J7MBfn0fzS4C0A&usqp=CAY,https://encrypted-tbn3.gstatic.com/shopping?q=tbn:ANd9GcT_1vpxjwhzVcJqep0Bfghh55FY1RvTJVwfCecZ97vNYMDVxAnSKJqiIEkc0PFZ-VjGJXNq5Ou25TLAp4np5lX31ICWG6h9&usqp=CAY,,The Souled Store,https://www.thesouledstore.com/product/drop-cut-t-shirts-naruto-sasuke?nsbp=true&srsltid=AfmBOoruMkuN2Z8_W5paIzUlQC3m4C0OBmT71plxJNDjXug_IkvnqdI4U_Y,"Level up your casual style with this purple t-shirt from The Souled Store. Crafted from pure cotton, this trendy tee features half sleeves and a ro...",Unisex,Casual,2025-09-09T15:03:10.845377
The Souled Store Men's Printed Round Neck T-Shirt,Printed T-Shirts,Unknown,749,https://encrypted-tbn1.gstatic.com/shopping?q=tbn:ANd9GcRzBvrTA8pMpKBYQrbwXwh75FO09ja4sC2bbAaQdSeS7MKuwfesM7cehOt79HoiEC_LvHuWZqGT9-eH3MEI_W2Z6Q7g7oD5&usqp=CAY,https://encrypted-tbn2.gstatic.com/shopping?q=tbn:ANd9GcREi43bbFi451Mt0iW11EYuG4abmIpTCQM3kd-tk6hNZByAZ3T9SDcnadJreNVtDfAohnBH-8-Ipj_gahDr2GNt4Yjk9ejG_A&usqp=CAY,https://encrypted-tbn3.gstatic.com/shopping?q=tbn:ANd9GcST1CyIgf2GxVwqKHdBXyAk7VJU_O6PuURB1XMZn8vToqMzFeMe3M7q9ZVY-kzY7-SJ1PmASm28Il-FKaDRRVTpIh6Ihm8_&usqp=CAY,https://encrypted-tbn1.gstatic.com/shopping?q=tbn:ANd9GcRV1yBZNJa953RHkRAv6VtVJEodxuc9XLmMxlcdgf4Dgm3KRjEjKfpxPOGHWW0MEvzfi-jYQ35Y9lhUbIgN6KGXz2Mh_Ye4&usqp=CAY,https://encrypted-tbn0.gstatic.com/shopping?q=tbn:ANd9GcT-5hfehSPmIejLvumHgLVi9bGAa_Bd63ptez9SHDZ2dJTI1Q-R1NykJ-kZhchc2m1nNeTVMFdaJdUOrpmzeKxi00eNekBZtw&usqp=CAY,https://encrypted-tbn3.gstatic.com/shopping?q=tbn:ANd9GcSibWT7dy1zI-Q3fgDvNjiShsrlmH5INNoPXmEUdzPTsYLIY5cVqnRJWBZkSBw1iIHTfteOzf7lwAoTCghnHzU5A3WQLnkTHQ&usqp=CAY,The Souled Store,https://www.thesouledstore.com/product/lotr-one-ring-men-relaxed-fit-tshirt?nsbp=true&srsltid=AfmBOoqXpzMm1s8t9v5P2XvMj47FWV8jF6Y2HEaUvadOkOPfbvngNIJVUhw,"Elvish script meets fandom swagger in this 100 Percent cotton tee. Perfect for casual hangs or epic quests, its relaxed fit and breathable fabric k...",Unisex,Casual,2025-09-09T15:03:17.624942
The Souled Store Men's Graphic Printed Oversized T-shirt,Printed T-Shirts,Unknown,1129,https://encrypted-tbn1.gstatic.com/shopping?q=tbn:ANd9GcQYup2CS5JtK0Z9ywPg11mkRF5nhCMLmQsWIydHuIMVvFQn3NSNxujcAk89_8-7RwiiyUfUSuJb1rXoPCYmKelaCESm6tTY&usqp=CAY,https://encrypted-tbn3.gstatic.com/shopping?q=tbn:ANd9GcTcWM3uZ-jI5KUv83aHmPd6tUODYY4YdcYzR4Shh-CeWt26LjE1DrRz3wATYiy3IOIKa5LBqoJyOvhdEzLmXbYU0LnNnkU9&usqp=CAY,https://encrypted-tbn2.gstatic.com/shopping?q=tbn:ANd9GcQovdohE8f5KOHk36DJYdKjH6JYQU__2jeNENHfAajNnVtiKSZStflGYuN9SA-LyfYuRBevNTJQXYLgQE0dSVtJknu_Z0hBag&usqp=CAY,https://encrypted-tbn3.gstatic.com/shopping?q=tbn:ANd9GcTRGjnpU3V360Y-VYUUKfzt4bE672WwNI_3splMkn9HX01A7sAWpZ7vwIW1tOjoZq1tOO9WzjpHcWJkdE3OnfP1Idv0hpk-Ng&usqp=CAY,https://encrypted-tbn0.gstatic.com/shopping?q=tbn:ANd9GcSQb_hCcfPi00j92xaTshnCWGmVT5nCkXqjlMFxpKz9rr1BCzPjaNox40L59KlLOeCIW1SFnMFYz02sl1thd21fHBRU3Z6R&usqp=CAY,https://encrypted-tbn1.gstatic.com/shopping?q=tbn:ANd9GcQa_CJl3k2Wj7Wa0RY47CaA2jo-B45g93eSGMAx00rcJ-2y1MW3-vdezRqZ7p4BSy6gxUSf44WPzHGD-upNCGIgrMUGg8bEWg&usqp=CAY,The Souled Store,https://www.thesouledstore.com/product/freedom-wings-of-honour-men-oversized-tshirt?nsbp=true&srsltid=AfmBOoozhO2EWIWpDZ6PBgnCTvRZJxLslxjoNllx8QfCAnf7ZALlEWXrKHU,This one is special. It's not just any patriotic wear. This tee is made with pride to celebrate our freedom. To celebrate the heroes of India.Style...,Unisex,Casual,2025-09-09T15:03:18.162357
The Souled Store Star Wars Mando T-Shirt,Printed T-Shirts,Unknown,499,https://encrypted-tbn0.gstatic.com/shopping?q=tbn:ANd9GcRsINxHU1SYKHb9NlyAJ_GnlhdZmNv4H2o4-EfS96AVuTRP1b9ePsK5Ke48EKPUG0WUZh0IH-diojIMMS7jJDq4_aIOxqg9vw&usqp=CAY,https://encrypted-tbn2.gstatic.com/shopping?q=tbn:ANd9GcSp9HoETuydh-ybbmh87c8PaKbn3aIOzM7t65DWGPTIlds8FsCxPwVWiyF86Ax_ZisACHPUZ7kxykxvCxtSinEpyohwdcVt&usqp=CAY,https://encrypted-tbn2.gstatic.com/shopping?q=tbn:ANd9GcQbMKO5uIZq70ZZOMArbh8HX0bF231zx3O6pSloKAolzUc1LW544Hv52alFcjw8_wxc9FdSV-TFUT1SAg47IdHtPIai_r3YeQ&usqp=CAY,https://encrypted-tbn1.gstatic.com/shopping?q=tbn:ANd9GcTEBNt_lQfrTyqpLL_Y3fF_Eq7wP9xjq8oYCW5F4ohXpxErFMdTRVzuBCmkXabyW8qvGbbsXnZpE3RiFOhc4WDULxgF9RLqOg&usqp=CAY,https://encrypted-tbn3.gstatic.com/shopping?q=tbn:ANd9GcRC9Uq9dzM89VwpTtFeao6qjYTfhTF0ywEhtaaMutyuPVE-JMTbwWSH8VPrwJQK5q7zowuNnfBpFyxt-WC_YWis1b_msRTnbA&usqp=CAY,,The Souled Store,https://www.thesouledstore.com/product/star-wars-mando-t-shirts?nsbp=true&srsltid=AfmBOorWPmq8njgpl_8n9OOrO4AY-A5j97ljDFKQDlglueI_cZZINEF0Ogo,Pack Of Is 1. Brand Color Is White. Occasion Is Casual. Size Is 3xl. Sleeve Is Half Sleeve. Suitable For Is Western Wear. Tee Length Is Medium. Sle...,Unisex,Casual,2025-09-09T15:03:19.181006
The Souled Store Men's Kung Fu Panda Peace T-shirt,Printed T-Shirts,Unknown,899,https://encrypted-tbn1.gstatic.com/shopping?q=tbn:ANd9GcTscnyqaHV0HjgrcberbhEDdRzz7EZe5FlqoIvamxgphZq08yw_RAI54PeFhxP5tzBE-cuJZsk5SIsxiGlq9_zApvM2_Fs&usqp=CAY,https://encrypted-tbn0.gstatic.com/shopping?q=tbn:ANd9GcS7yOY448H0DwNQm2DKahxFdjAHfuMOKXR-tP-lyuHMQhyc1jiKMpGrwVjJZzUKE6TXjFX6jeKA3f3yLRyp0sCmLAgMJHMloA&usqp=CAY,https://encrypted-tbn2.gstatic.com/shopping?q=tbn:ANd9GcTaNlaZMTVQP8jNPrnGxkWpOB4jFFLq6GNItEfOMzoQpBQoMpMCPB1Kt_FcSMeOExFv9uXopoRofw7UZb-D2uA6AshhRgBw&usqp=CAY,https://encrypted-tbn0.gstatic.com/shopping?q=tbn:ANd9GcR6Nf_yyJc33SkkieUhJQlVem-TsHzzjbjlssv5cv7YQQhPgXkBDP4xyWuH421QOErDeKUzKYi0z6ZCSkp00zOptqyDUqCm&usqp=CAY,https://encrypted-tbn2.gstatic.com/shopping?q=tbn:ANd9GcQRU3QVCOn5aubjhp3E2WPduwiNFLc75Aawr0hx6IWZLR9dMTd9a9MXBVUThq8ArfVNo0pTcnBsaH0UJyFXK680dSUnYolE&usqp=CAY,https://encrypted-tbn2.gstatic.com/shopping?q=tbn:ANd9GcRv_sCY6K6mTn2EvewjCyKbWgJjPTqfqp2cXE5ud4wtSQozEFD_jdhK_J_xEwB-6WOgB7peiDwvHv9kqsFUn0NC7voeBaxa&usqp=CAY,The Souled Store,https://www.thesouledstore.com/product/kung-fu-panda-peace-men-t-shirts?nsbp=true&srsltid=AfmBOop09mAbUb6iPkB-SO_aX1d8T3bvP8gexwviN_VmXbyvAZDqQTSa88c,"Up your casual style with this off white t-shirt from The Souled Store. Crafted from pure cotton, this trendy tee features half sleeves and a round...",Unisex,Casual,2025-09-09T15:03:20.182800
The Souled Store Men's Printed T-shirt,Printed T-Shirts,Unknown,449,https://encrypted-tbn3.gstatic.com/shopping?q=tbn:ANd9GcReHZK0LqiAaUZGjgQYRIaMCBUOUHPp_a9IUOkqMlqZHtDRy5yr&usqp=CAY,https://encrypted-tbn0.gstatic.com/shopping?q=tbn:ANd9GcTWdIGNkjSXvf24L-ZrkQtrn-DWuvkRTNhtlRt3dGD63NG7Mkf6&usqp=CAY,https://encrypted-tbn2.gstatic.com/shopping?q=tbn:ANd9GcTM-Cm4I6phJ3zk8b3wxoRfhSq6fnkd_WXAk3G0hwJ4PbfMCyc&usqp=CAY,https://encrypted-tbn3.gstatic.com/shopping?q=tbn:ANd9GcTwzs3K7LxttwgGSOWgarvJen1DnK3zf7eKh_HvUNDC3YfpLhE&usqp=CAY,https://encrypted-tbn2.gstatic.com/shopping?q=tbn:ANd9GcSMH6eUq0u_FrOGgWEk_JwiM1hJy35gJ1RG2mXtKl-K0RYQ41QC&usqp=CAY,,The Souled Store,https://www.thesouledstore.com/product/green-day-kerplunk-men-t-shirts?nsbp=true&srsltid=AfmBOoo9Hrcf5RGap2eSaPmvVazI4fL7vZ2EPnpXD-3bitJOHHkgaV63AWE,Revamp your closet with this black t-shirt from The Souled Store. Made with high-quality pure cotton fabric. It features typography pattern with ha...,Unisex,Casual,2025-09-09T15:03:22.558157
The Souled Store Men's Naruto: Hidden Leaf T-Shirt,Printed T-Shirts,Unknown,599,https://encrypted-tbn2.gstatic.com/shopping?q=tbn:ANd9GcQJbGNqb-6Y23FYsCrElK-zVrGEqBO8N5QS4ze7xizchxBowKvANwTue9voxHLf924tBISeKZlYA4wRSHloPrzpCDgRPUng&usqp=CAY,https://encrypted-tbn2.gstatic.com/shopping?q=tbn:ANd9GcTR94yyBEzCZKXbDp9GwdBVJ-jpIi8ipDGAx_uyMymzqzHaChhVGxqe9gTI79rdOfNO4GqhnfmyoWPpvjPhxXv9gU13HJ-m&usqp=CAY,https://encrypted-tbn0.gstatic.com/shopping?q=tbn:ANd9GcQpLr9ubRj3gobx1KhUtgnBq5F16BolMwomwv-KgTxUcv_gQyIa8BADq9yMHMAGq-iHyj8ZLSbQjTQs59Ltu2fcAuXLPfEn&usqp=CAY,https://encrypted-tbn3.gstatic.com/shopping?q=tbn:ANd9GcSPJkhuzlkcZhdejGS2dX3oF8jmblXy9IIvv92nAmrZURh-pTLwCBlsC8otf9Kj3xes_ZofZi9buMJnfzyy45PzZ6feI5NGTw&usqp=CAY,https://encrypted-tbn2.gstatic.com/shopping?q=tbn:ANd9GcTVI8hhA5n1IE_MbfOlkEDNGkjmDJEJSrZffhwJ85IzCwqOR5iBFA3Sr6YPcP2DcjyYOVMaA2I_R0Sb8mXrhLDoTth7Z2MRUg&usqp=CAY,https://encrypted-tbn2.gstatic.com/shopping?q=tbn:ANd9GcSgmhaDoQRQX5mq1_A28tWNEMZDrN9wEnzZ9tf2_0W-dwpFJLM323nUdxt-3QjnNijTOxd2fyTWMubrcv6lTDywAciFkQd9NQ&usqp=CAY,The Souled Store,https://www.thesouledstore.com/product/naruto-hidden-leaf-men-t-shirts?nsbp=true&srsltid=AfmBOopOIKUmOGc8mWji0rjk4qtCf9u_eyal3GkiO_IdUVu8I0WG3TMJz7A,Pack Of Is 1. Brand Color Is White. Occasion Is Casual. Size Is 3xl. Sleeve Is Half Sleeve. Suitable For Is Western Wear. Tee Length Is Long. Sleev...,Unisex,Casual,2025-09-09T15:03:24.305669
The Souled Store Men's Lion King Scar T-Shirt,Printed T-Shirts,Unknown,449,https://encrypted-tbn2.gstatic.com/shopping?q=tbn:ANd9GcRpQSfVrPzT6hj-GuhZ9QnjQaPwWlXwFj9GikYAI9Kwljij90fMgI3d0IKLXs-YQ3zMIOsC4TvRZlrvjL5bsC1aiHPR_PKJGQ&usqp=CAY,https://encrypted-tbn3.gstatic.com/shopping?q=tbn:ANd9GcRUig4Luk2dW51C-m-pmqL8fEv7Mc3q7ZhHKFzqJIViAuf8imj5FKNg1jWZ5CaTDGPjwXCU-XJPuLurC8zCLV9GhTsEHaOZOw&usqp=CAY,https://encrypted-tbn3.gstatic.com/shopping?q=tbn:ANd9GcSI0vV3BjPWAy9i7onILOz6LMApt0kKX61ppI-xYBxI8QY0bVWflX5dbhDs5xpHutWGFe9RTKGthiFFQ6JOT0-8tT-5aiR7uA&usqp=CAY,https://encrypted-tbn0.gstatic.com/shopping?q=tbn:ANd9GcSvCkR86QY-gWIB2maT5pkfVY-r1Pg_Za4aV7ET3g57Mc0gY0UabOiTesIWQQPzUi0cKmVoQ0qwwl59Vj6MpoAfK_U1EQ61&usqp=CAY,https://encrypted-tbn0.gstatic.com/shopping?q=tbn:ANd9GcSJSczoeZOzvwI-TPgEVggbDgAKRNA0ASQ6yLcC8yRqquWipV9JzOE6AYMmWAEjQRNOVfQhZaMPbAWRfLum6AhR3ncfg8pH&usqp=CAY,https://encrypted-tbn0.gstatic.com/shopping?q=tbn:ANd9GcRHSaJkTZLnksz9c14xugVknHMyu_LemT4sRvAfdF6B7xdctDrOq7POAZMKoSJL-A5VaXKQcXQfO7EBh5vPkqfwDn6vAk2b&usqp=CAY,The Souled Store,https://www.thesouledstore.com/product/the-lion-king-scar-men-t-shirts?nsbp=true&srsltid=AfmBOoo-ooQEtyhttqxEIX2BkEsQ7lwp9krub-Birm5pAn-pJqEGkes-fUE,Looking to make a statement with the perfect outfit at your next brunch plan? It is made from premium quality fabric and features a half sleeves an...,Unisex,Casual,2025-09-09T15:03:25.611897
The Souled Store Men's Spider-Man Printed T-Shirt,Printed T-Shirts,Unknown,499,https://encrypted-tbn2.gstatic.com/shopping?q=tbn:ANd9GcRp5J51NSENHZ9UG5KZxx28GqMV1b2AxDzBsjJxjFvwl58VAWW6hTO2QV1qTRmYJ_0h_DIGxdQ_oI0SkAqZoe3EdNi_MnJm&usqp=CAY,https://encrypted-tbn0.gstatic.com/shopping?q=tbn:ANd9GcTGqdmF0Pq7I0VSq4AwPbO_3BAMlX2sU3ckw8We0p1Nyt6Zxn9w9llDSXtOZzwglrs5j552S1zcSSu0kwTsEco1MzvchwKs&usqp=CAY,https://encrypted-tbn1.gstatic.com/shopping?q=tbn:ANd9GcRNllkts2saTJ37e87xU-4KYtS0NI-NNaRtQlUUU_-sMu6b8eZW2BIsjOh02q53CHohT7mxMUKyRS6PebKZpYNMaMZ8lmbR&usqp=CAY,https://encrypted-tbn0.gstatic.com/shopping?q=tbn:ANd9GcQdgOb9xGtEmoSiMLB8vv9xTge10eg-M91IVChT4rROTJtgN1pIeUCJifdTQGjE11Kti8rUkieRrRS--Bh09hNFkIQF4aN1&usqp=CAY,,,Myntra,http://www.myntra.com/Tshirts/The+Souled+Store/The-Souled-Store-White--Maroon-Spider-Man-Printed-Cotton-T-shirt/23774194/buy,Colours may slightly vary depending on your screen brightness. The product specifications mentioned above may vary by +/- 10%.,Unisex,Casual,2025-09-09T15:03:27.043293
The Souled Store Men's Spider-Man Graphic Printed Oversized T-Shirt,Printed T-Shirts,Unknown,1129,https://encrypted-tbn2.gstatic.com/shopping?q=tbn:ANd9GcQ5BsftQkS7jQFkpySqMOd-fnqPKKpqSVTDYTXcovZI0O7xbpgLOrYbgLaJ8z2wNF5N9hRlluxZSveetPwekqNO-r1g2BbgRg&usqp=CAY,https://encrypted-tbn0.gstatic.com/shopping?q=tbn:ANd9GcQMosb9v-5bB-W6JR2ffzOdsVG7QyDB9DwuE7cVL5siN_hvU5EIxEEW3graIzZgtqd-Kl9pCFdBUnM7cDo4ReNIcKNNGbeGxA&usqp=CAY,https://encrypted-tbn0.gstatic.com/shopping?q=tbn:ANd9GcRVhJb5BBfdEDIFlvUH-UFO5hovY1A5JJ9B-2qV_q4h0SfTOfj7Bt2v-paavJze8OAgztPmNDfEZFbf0t6vMo6j19y5_d7Tpw&usqp=CAY,https://encrypted-tbn1.gstatic.com/shopping?q=tbn:ANd9GcSxGv7IlEJgWNkeqGq_g19Ix6gcef55DR920JNUybQU-EW0CPcRysNZHDmIUXdR3mkxth-JOLu5rYMxnoTMgXhfzZGeFKKQ4A&usqp=CAY,https://encrypted-tbn3.gstatic.com/shopping?q=tbn:ANd9GcQnB6hAYlmFuym05_bY44KxOButLbr_8DcWDteMeVQVBKTHKlhRlDa699zbJ0Y5r_mHnqbgGCnRPXrUfIpr33t6ocstc_Mrzw&usqp=CAY,https://encrypted-tbn3.gstatic.com/shopping?q=tbn:ANd9GcRRYY-_Y8JJt4rRxsZClkhbaondKC2HyoCheg6cgp9EHfFFVEzc2qwBzf5eBJ3ESXeBq_oFElYIeOJRfEzz0ilV62ayQxnE&usqp=CAY,The Souled Store,https://www.thesouledstore.com/product/spider-man-pixel-logo-oversized-tshirt?nsbp=true&srsltid=AfmBOops6Qs520Cs1nAznwlA4WHnljidRPetOI3nGj6MYhSECcE5Xe6kcYE,"Give your wardrove a casual make over with this black t-shirt from The Souled Store. Made from high quality pure cotton, it features pull on closur...",Unisex,Casual,2025-09-09T15:03:27.347098
The Souled Store Men's Deadpool Graphic Printed Round Neck T-shirt,Printed T-Shirts,Unknown,449,https://encrypted-tbn1.gstatic.com/shopping?q=tbn:ANd9GcQiGW9EaM6A_9y1QGZpvzMNy0ldQPGfgQLCKkAIhXIvsExjNj_hvtY9cRk42xPcK-ml55PLK4PCD-PlVgBKfu89dl2_Xam3&usqp=CAY,https://encrypted-tbn2.gstatic.com/shopping?q=tbn:ANd9GcRiTLVFuTFJVnDpxBK_9HlcZv0LUcQhwVWdniZd--WPbwHNN-tj39S6ImocvDfcC2H2WbdBWyVj54ehZpJ-nyR5ArkfYqpdJg&usqp=CAY,https://encrypted-tbn0.gstatic.com/shopping?q=tbn:ANd9GcSHmXFSe9UQ2WceIokruXsglObLu7-QYRolHPcy4EEfTqTy5LGgCKt5yN3A6fIsn_wOt7u39Q1d7-XbprBHfCFbQG2Hutj-&usqp=CAY,https://encrypted-tbn2.gstatic.com/shopping?q=tbn:ANd9GcRRT_jEKvATW0ODG0layeq0pPCeN-vIYx9gqj7yWGB3gNr3IhCtmyRJkQbDa7t0BAsGadNjbIj1GLoWkDRibRqkVXOHac91&usqp=CAY,https://encrypted-tbn3.gstatic.com/shopping?q=tbn:ANd9GcRKP1NtG3c3eDqflMa9LNB5tUvHhU6HBHFHnFtVb56SXWhURzhIlt6Ie7ERhrfu7oeX1pDcqGyU-RDGq4enA6gdrPFTa1O17g&usqp=CAY,https://encrypted-tbn2.gstatic.com/shopping?q=tbn:ANd9GcQpcnrjKcSDN69OPhO1LAxr9O7RerJeoYvcvCx95XfNdwz1Ry_qhKH2Loxr1mTNmARJn_BuudSGV3RzliK4UfRyptWnr-y9&usqp=CAY,The Souled Store,https://www.thesouledstore.com/product/deadpool-comics-tshirt?nsbp=true&srsltid=AfmBOoqeKMIEiWNm2CYPZ2XJo9qNqzG-0IsQ5tCzKF0aV7-f3f_dTHw1UU0,"Official Licensed Deapdool T-Shirt.Break all the rules, defy your enemies, and rock this Deadpool tee with maximum effort. Designed for those who a...",Unisex,Casual,2025-09-09T15:03:28.478487
The Souled Store Men's Oversized T-Shirt,Printed T-Shirts,Unknown,899,https://encrypted-tbn2.gstatic.com/shopping?q=tbn:ANd9GcRUnIyJyZMtKDauTmlzig2ZfGoynxRkNaG31ki04EulXh1sW-uikLTZ5Y7B1AevYzV-FZbAkj-hWSzk298pNbdKa6VGQxvzHA&usqp=CAY,https://encrypted-tbn0.gstatic.com/shopping?q=tbn:ANd9GcSuBEo-xbj1_vES10kP4-ffn0fZFDy7ohNEalGO--ODspEon5ONlNZWnJa9b1wOj5zLZngiuM5cdOrrLdyv53x-Y1ZsVtHxQw&usqp=CAY,https://encrypted-tbn2.gstatic.com/shopping?q=tbn:ANd9GcTXzzkXeEQZO0bE-6yFhK5zH_A5Etlib491I2x4OMwcxRuP90cJd5aETuNBhQLiqJHZUwHA9vD8rnSHaSBb_HdDQn1IXi9fUg&usqp=CAY,https://encrypted-tbn3.gstatic.com/shopping?q=tbn:ANd9GcTFf4yqN731c4H-D7iW2iXacoTp8gn6l5FfBRg1Z4SADHj30bJwS8pbI0OxonslKvBfuq3GBSrhCapI-W97zo5ghdNFePR7&usqp=CAY,https://encrypted-tbn2.gstatic.com/shopping?q=tbn:ANd9GcS3obupeSOed5TjLMhIRgssWaS4kujDbyFvJvcSPnEQxDaQt-OPaR6SM9dGH1GVD6ZIk_YsNtjLlgnErpxm-WHUlY3Fvg-c&usqp=CAY,https://encrypted-tbn2.gstatic.com/shopping?q=tbn:ANd9GcQiMZdEChXd-MVPBRo7CPws0hvgBQT7UMe_h8TVqOQ9z1jCQlFTK8JqXizhHnKs-SZgqnFQzj1G1_ofjfCQqDC2A_4oSof7&usqp=CAY,The Souled Store,https://www.thesouledstore.com/product/oversized-tshirt-to-main-kya-karu-men?nsbp=true&srsltid=AfmBOoqywA3N76yJctWSH_C5TapON_mgABhpBWM0RpLkX1LJ8Gs0JsBmJto,"This tee isn't just big, it's a statement piece. Made from a super-soft, breathable fabric that feels like your favorite old band tee (but way less...",Unisex,Casual,2025-09-09T15:03:30.202076
The Souled Store Men's Pigeon Printed T-Shirt,Printed T-Shirts,Unknown,549,https://encrypted-tbn2.gstatic.com/shopping?q=tbn:ANd9GcQXBJIPOT23xSxmwiTRzP6cIZT8wvX8dT3j-5z-_ZB0eSSteL5dFHhpaYXl-46wHCVCoTgdc8mkWnKFAKLMOyFMgLJ_D1mj&usqp=CAY,https://encrypted-tbn3.gstatic.com/shopping?q=tbn:ANd9GcSA8OpfHkfgPKYD4FvLDjdxNAm_4A24fk_Vg2uZV9Xpv7W24s_cBFUmrlXTYzFQu9yjkEllHmvNov4NnU4BCUK2CBf5TnZR7Q&usqp=CAY,https://encrypted-tbn2.gstatic.com/shopping?q=tbn:ANd9GcT2dt1bYXv1YzO9KeWbK55N_tv0da46nLWZOJAblqVK6WCNGMXZWi9bmDm3mjwScU4pgE5XHp5XFBMWn5TigweRBspmD8nZ&usqp=CAY,https://encrypted-tbn3.gstatic.com/shopping?q=tbn:ANd9GcQCI29CdhS3CgE79I6Sw0DdESh598tsJAVubdp6Sxgs-cNpozAwjxV0P8rPEhw2jIzi0S_PJsI5oiCCMaAd6jLbEqvBFKldbw&usqp=CAY,https://encrypted-tbn2.gstatic.com/shopping?q=tbn:ANd9GcTf_6aY_uDkNRRcOQJkLp0qAlfCKyDblObhu_pHVB5qysB0bHNiSJDu7Rqz5zYQ2jU_HUp4KjhKZNFjQ5Xd-8wWt5UFb6RK&usqp=CAY,,The Souled Store,https://www.thesouledstore.com/product/men-relaxed-fit-t-shirts-printed-t-shirt-pigeon?nsbp=true&srsltid=AfmBOookxVyYiGXPNNqAOlhMXwf34wxkWGowNFQogcO5esIeb5FHP323y10,"Quirky Pigeon graphic meets everyday ease in this tee, crafted from breathable 100% cotton for a soft touch and all-day comfort. The design makes a...",Unisex,Casual,2025-09-09T15:03:30.829750
The Souled Store Men's Fiery Drop Cut T-Shirt,Printed T-Shirts,Unknown,599,https://encrypted-tbn3.gstatic.com/shopping?q=tbn:ANd9GcRUxReg3U0VULGfaJ-ySVt1W_knFZYD--x7A3fn4Z_D2Yp1hnbr_V-6nUnYrPXmaTuaaTRX399-6CQ1j27VJqwXUml-uRX8&usqp=CAY,https://encrypted-tbn0.gstatic.com/shopping?q=tbn:ANd9GcRVskeIZ3ldAq4aJyF9DNvJ4aj3w6VqkLMxSzcO-i5L1k9AXg7ykgGFXrv3cAfZetgAcvMsSfyB38AIoYg4lm2AEWXQ8tiTsA&usqp=CAY,https://encrypted-tbn1.gstatic.com/shopping?q=tbn:ANd9GcR_hPNmjVxAFL5ln2mPlqWzxIw7TiA_yteMn8N1gaJrR_do4kADeD9urJYcWIhtRySo6gBpqKQPCz6T5eJgvRKQiFw3Kl05mw&usqp=CAY,https://encrypted-tbn3.gstatic.com/shopping?q=tbn:ANd9GcR7MT3-bWte94nY3VLL8rNJeuE1pxEWwbZAhPXsB6qsyFJMNJ9Th1GYWq7VpzTvs-mGmilELod30bfHlBfmGe9rLwmwxeNd&usqp=CAY,https://encrypted-tbn1.gstatic.com/shopping?q=tbn:ANd9GcTPKalOF7UBUigonLvofondQR6An2iPSXGu52DREYcJtmol9BBG2Vk_u1cMVhSSQ1CL9BvIy96LjfRCX3VJULeUbsWukAIciQ&usqp=CAY,https://encrypted-tbn2.gstatic.com/shopping?q=tbn:ANd9GcTnA8lRz1ME3slKm3-VGbECoOf0A-qIneF86w_PaOGM0yTSIp7EXhKPT_sg3hOnx6zdhsDppI3FVUF8CIGaecQM6jhg2CEp4A&usqp=CAY,The Souled Store,https://www.thesouledstore.com/product/tss-originals-fiery-men-drop-cut-tshirts?nsbp=true&srsltid=AfmBOortxnfsZx-ivJvJ9oybFPQ6cCkk5V-7sXQqDo1ZqscF0RkaCD4Rywo,Pack Of Is 1. Brand Color Is Multicolor. Occasion Is Casual. Size Is 3xl. Sleeve Is Short Sleeve. Suitable For Is Western Wear. Tee Length Is Long....,Unisex,Casual,2025-09-09T15:03:31.344923
The Souled Store Men's Marvel Logo Oversized T-Shirt,Printed T-Shirts,Unknown,949,https://encrypted-tbn3.gstatic.com/shopping?q=tbn:ANd9GcRLHNCuLoOTFPEA_YmNGo0hSZpIGrH85Ab_i0le14-NVU7_jCcBAwrK54D-qBXenbjAEDHopRhhI-flLafCHSI1kDElroglbw&usqp=CAY,https://encrypted-tbn2.gstatic.com/shopping?q=tbn:ANd9GcQuEE62fxMg41fWXCktx6XJrh3gXKPrDD0jzDapQtwQM00vX3cL8RpN0ZWr3_nFa2wqQdUhUxUg0wLYBu5F12K2SGlOe6M5&usqp=CAY,https://encrypted-tbn1.gstatic.com/shopping?q=tbn:ANd9GcSJEotatE21pLMlbl1hJHH1TAuLDcceyhlO4BVY9HPrBwfjkX31pz3KKsObW_ukNlRVlfp74CSWmSWN9EXHpx5-4GCn-_LkAg&usqp=CAY,https://encrypted-tbn1.gstatic.com/shopping?q=tbn:ANd9GcR0NPDfaY3_LmYZX46QgEtIkJ_5dymVgpbWAq_r76UqhrhUGI0kv_uLTCGvL7rImqLbnjltUs4B4LjtUWfqobiGLdYqNZ5m&usqp=CAY,https://encrypted-tbn0.gstatic.com/shopping?q=tbn:ANd9GcS4W_IAIQSiwO98Hm1I9PeTkHo1KtVo2zg0l6mfn6u0NRnGYER0cYwf_R_V1VU_ucogVPN-eosLK26wNzv0dyxgG5P6SHeSVg&usqp=CAY,https://encrypted-tbn2.gstatic.com/shopping?q=tbn:ANd9GcTOLSvmm5hR09CwG_CxgtbvYWce1pij9ZfTqVGqbgvHxyAlOJUAJvSLCMNATnxdHMyUSIIoZQLxw7pL69SugcmHvTJAVWZG&usqp=CAY,The Souled Store,https://www.thesouledstore.com/product/oversized-t-shirts-marvel-logo?nsbp=true&srsltid=AfmBOoqomxu98xiOqnURfi7LgjQs_GBdD7tdwbHB0Ou3cG0uCzgEo7WcLI0,"Look your stylish best in this off white t-shirt from The Souled Store. Crafted from pure cotton, this stylish tee is designed with half sleeves an...",Unisex,Casual,2025-09-09T15:03:32.386603
The Souled Store Men's Deadpool Printed T-shirt,Printed T-Shirts,Unknown,449,https://encrypted-tbn0.gstatic.com/shopping?q=tbn:ANd9GcQtLfw_9dzlKmjOS_2qJ1DZM2iqwdkz_1fCN0bdNk4SvpWfyojJjsWc1LVvMs5sMbdpu52HeHUMuDbAVefKQlZvQKs5boYqQQ&usqp=CAY,https://encrypted-tbn1.gstatic.com/shopping?q=tbn:ANd9GcTaHcz0VjXjVV5UaCtBYayocThWqVWuHtVM7fml65K2axdBaLOeMLMlh2oZ_QWcGbX01AKL10TjznIb_FUhDd3OdfGQuqE9&usqp=CAY,https://encrypted-tbn1.gstatic.com/shopping?q=tbn:ANd9GcS2RUL7vve5HKZXxQbpD6rmwnW1QMlPDJP1cSgEEiuZ44DlltI4FIoZWW4nhnTmP6D0w_FLpr0s0WmNXTnMhXOxsmleo7AR5w&usqp=CAY,https://encrypted-tbn1.gstatic.com/shopping?q=tbn:ANd9GcST3rD0FR2ZsyG7FSHqVoQLj7qLvo-tLINrQfMTEE1IlLjCD0Su0QGwY5fJ-PmIQRSsXBQWB1XvhmtvsbF947NnHNBL-QAvdg&usqp=CAY,https://encrypted-tbn1.gstatic.com/shopping?q=tbn:ANd9GcQAkWCXEN7iDWgLg1QFhcXjGXlGrnSJsyQ3288dc6tfh9FipoQUNQbxUMc5KmHBaZ-5h3mYsagsIBrzOSnUqN_7HgKE85Wd0g&usqp=CAY,https://encrypted-tbn3.gstatic.com/shopping?q=tbn:ANd9GcTDAVS9A8tfjMEs90L7nWWpZAudqx_X_ZJp-zGdH5BRtgVOqBhqYvQ40vVlSZn96epg0X-FzR0DIw6nWEdCjusNni51JlUrfw&usqp=CAY,The Souled Store,https://www.thesouledstore.com/product/deadpool-killin-it-tshirts?nsbp=true&srsltid=AfmBOornwD76DXD8Uu9pvSbBIjw3JqC6uQHFD1MOfwMrrEDIA7DtLpeLvYk,"Tailored to sartorial perfection from premium quality fabric, it assures a soft and soothing touch against the skin. The exquisite silhouette adds ...",Unisex,Casual,2025-09-09T15:03:33.928163
The Souled Store Men's Official House of Dragon Triple Dragon Oversized T-Shirt,Printed T-Shirts,Unknown,649,https://encrypted-tbn0.gstatic.com/shopping?q=tbn:ANd9GcTmsar-kY-J3dQIPzZSPq3exdyD8PbyQ1EXDuiT_l_jM1BPVhGdaLPp3CamvMrxXNI5H4RAuhSLVG23uM5USPbTfvsxX2tpBQ&usqp=CAY,https://encrypted-tbn2.gstatic.com/shopping?q=tbn:ANd9GcQc0fJvy7Q_3OpEIPeT1Wiw4-pU0lvvQ_D1H49787NV0d3xsiaAKxJt-fU6CbRIt1inpazJjlQURvqzvaQflpYg8P3qHtiR&usqp=CAY,https://encrypted-tbn3.gstatic.com/shopping?q=tbn:ANd9GcTu9P_OdgkrQ4-WS5VzHKX0_zHGeWKhnbx0MdysC__hyHQJRU6O9dNtwJaQTooSmhfMmcs4Va9EHeNiL1UJSd3TOJ-F89qO&usqp=CAY,https://encrypted-tbn3.gstatic.com/shopping?q=tbn:ANd9GcQCScpxuTjZxaUrVsHxjMmMap74YyT25AdCiyI0RtY58IaiLxSB828-b-Zn_V8L7G0Js8kxJT3TSdgi2pmIW60ofqCayU1B&usqp=CAY,https://encrypted-tbn3.gstatic.com/shopping?q=tbn:ANd9GcSZ7-lnL55kxRFVsAovwaofB5oBCpBpUzqcKgiqZFkSQ1UBzEeWBgjwFvLGM8S7IvEC0XxhCmBsBo4jpIs4zU3nsA8yFFD1&usqp=CAY,https://encrypted-tbn3.gstatic.com/shopping?q=tbn:ANd9GcQHWz8Q_xJcGWnx804t-d94acTwlUTSX_TMV3gV12nOHOZkc08FRxflVEplYB6GkHlhGuCMEdheOKy60dKG4h-IMuNMLKxE&usqp=CAY,The Souled Store,https://www.thesouledstore.com/product/house-of-dragon-triple-dragon-oversized-tshirts?nsbp=true&srsltid=AfmBOoqeCZw0cHeZnt2Ywb8xPg4cXageufiaz0Ubx6K1imXW3l9wVVUVFVA,Don't wait for the ravens to arrive! Style Tip: Pair these tees with slim-fit bottoms for a balanced look. Throw on a denim jacket or layer with ac...,Unisex,Casual,2025-09-09T15:03:39.423105
The Souled Store Men's Wolverine: Clawed T-Shirt,Printed T-Shirts,Unknown,699,https://encrypted-tbn0.gstatic.com/shopping?q=tbn:ANd9GcQvkIiwNgMb2q8sZ73sPJuh6KuHG_5qiTntTeyN3CKgeKXSrWOI7lLqqwzx_jhZuW2A1fxz5m-mXvUH5hTTLFAfj1Hj-j_f&usqp=CAY,https://encrypted-tbn1.gstatic.com/shopping?q=tbn:ANd9GcSbVyDWAgfv5PElg215RuvWtzZ-cn-PVc1ZQCSA_kw9-0SgT6SbPhvc7fChFms2aS476sVmDRcO2dk3JbHTOms5ORIorqckyA&usqp=CAY,https://encrypted-tbn2.gstatic.com/shopping?q=tbn:ANd9GcQ6TmroKnCKQtyCDCwnR79DJqWQf5E25nWNI7xGqxMmNw4Eb_9l5uKQf2EkGDwcljkwqijvn8FLZ0X1e_A9vWmQJAtLO-wq&usqp=CAY,https://encrypted-tbn2.gstatic.com/shopping?q=tbn:ANd9GcTqLpMeYykU_JXFoY-DLmfB0VogP3RCMunvzZXSlv1fRxNcLxPL9Z_WeL4a_AX3wuBail8lHSHmmQPRdZ7PhbVu9sIq94KO&usqp=CAY,https://encrypted-tbn0.gstatic.com/shopping?q=tbn:ANd9GcS5SywQAMQ236xyeUmHRqhI4AG5xI1CErJbWgvDp6JiTlwg-yM6tDhkjYYH3zgnndffX6alIvlXGbkE7h2sDuvfULZQ2AAe_g&usqp=CAY,https://encrypted-tbn3.gstatic.com/shopping?q=tbn:ANd9GcS8AQ7X_qVF96qRnHTGKWW6yCf-qP98hFaL4p9F_I_70pWEw0DGSUPKA6skSeNnHhkQRk9sNwalnewkZatWZF4dqGREcPGh3A&usqp=CAY,The Souled Store,https://www.thesouledstore.com/product/wolverine-clawed-tshirts?nsbp=true&srsltid=AfmBOooOFeXSWVaVSPe_htei2X362b8dloT_47qTLcMCyaLwjtKcghwHFjQ,"Official Licensed Wolverine T-Shirt.From Weapon X to X-Men, Wolverine slashes his way to fashion! Designed for those who appreciate lounging around...",Unisex,Casual,2025-09-09T15:03:44.362977
The Souled Store Men's Relaxed T-Shirt,Printed T-Shirts,Unknown,749,https://encrypted-tbn3.gstatic.com/shopping?q=tbn:ANd9GcTV_Vk7Nr6yqsB5N6mqQSpqgFKj8DRKCoHIH8LD9SVo9Ina0JMIzZzT4ECFVyOKh0WsoXj6-TNog4ao-fZrYlNBhdAQkpVBJQ&usqp=CAY,https://encrypted-tbn3.gstatic.com/shopping?q=tbn:ANd9GcSLWG32p63VAqqUl8TNTuK9ostGQjTWFaCqHEN9WF-WObIbPOUnkVj1g8mCw7mGmyLwDER0SL0KUCeO28NuCkDBNcdFOsyj&usqp=CAY,https://encrypted-tbn2.gstatic.com/shopping?q=tbn:ANd9GcRsgEBPDx2OLvPJ7Giv8IpvKD0RrhV55nEWRnARQxM8UgRyFVOuxvITaJul4kbCdpsFnR84q6XYJfJQNn1pAygofuxq1o6ElQ&usqp=CAY,https://encrypted-tbn3.gstatic.com/shopping?q=tbn:ANd9GcTRbP_4oIHuc5LFxPQaeKazdgdiCu6sSFFsicohvmmk7yS7Eq150mb-hjSUfMTjhawNAP3FW2ZoM7Mx_B_OY5oHwlFh9HKAmg&usqp=CAY,https://encrypted-tbn0.gstatic.com/shopping?q=tbn:ANd9GcQHYa-2QydxOlROACTR9-BWgFkaOdGaaITl2vAVRxahG4IRt9J8O_m57N41Xp0zb6G-04t-8hmJ2_qUvON5wr0p6rrK-D73&usqp=CAY,https://encrypted-tbn0.gstatic.com/shopping?q=tbn:ANd9GcQM4GSQdS8q_PbtX1iFltUs1MzO7sFEM-1yvtYOQByNe7GYBVPELAj2pq5ULqlyBYmWFOzoNBiWvugIF8Ais4Cl7Z1BiYap&usqp=CAY,The Souled Store,https://www.thesouledstore.com/product/men-t-shirts-when-i-cared?nsbp=true&srsltid=AfmBOooXb38nbiU2UKrYltTh6iaIc2e_7_YZfedOs27mlluuSTOXPEATedY,"Vintage vibes meet bold expression with this relaxed-fit tee. Crafted from 100% cotton, it features a quirky slogan graphic and a vintage wash for ...",Unisex,Casual,2025-09-09T15:03:53.467766
The Souled Store Men's Mystic Arts Graphic Printed T-Shirt,Printed T-Shirts,Unknown,649,https://encrypted-tbn0.gstatic.com/shopping?q=tbn:ANd9GcScV4Dq_yWqYnRudWT6tyIqOwCsPioLnfmNwxQL-7noJAbVjyEuzSof7W-wqWZdJf1MiqeDn9a46QkHP7VV8AiEur4FW9RE&usqp=CAY,https://encrypted-tbn1.gstatic.com/shopping?q=tbn:ANd9GcSzDn7-l3nLtsc792lklD0CJ3U5IEbtzxGmmcjdsmW9hNoKDUDSJx3BGTg9Yu6oeFQIOu0eFHj-SXhaYOSxtIvXEDC6lVWZ&usqp=CAY,https://encrypted-tbn2.gstatic.com/shopping?q=tbn:ANd9GcSMPS5pAYknEqafBRHT91-qwaTKGvH85sgyMmifSgPafzttwr_uwqNMSA0qbEeLWu4oVPOU4gBYXqJe56-Y8COnwhpdu2adVw&usqp=CAY,https://encrypted-tbn2.gstatic.com/shopping?q=tbn:ANd9GcTV5H6dMImb60iehZvot9fU8HNNNOUHZvM8djQQdmPS4dcUAq2H6Z5YT4XNlUOIOoBdfIw8SAi7IU_jX5dkgUoAuU_SgyZ2&usqp=CAY,https://encrypted-tbn0.gstatic.com/shopping?q=tbn:ANd9GcSsgRGwdMeWKfqbiMXF3KzmfZmUlWztUHjMizW0Mkp04UKNVwSUURztd4pqeBfKYI_myLsLRREuEwWkQek_mz4cjqRykZYB&usqp=CAY,,The Souled Store,https://www.thesouledstore.com/product/doctor-strange-mystic-arts-men-t-shirts?nsbp=true&srsltid=AfmBOoq3sZ7AKitF8UW8hwGyEp3LuWgF3pc7lkvUes9wl-fsUhVCPfzUydM,"Keep it comfortable with this brown t-shirt from The Souled Store. Made from high quality pure cotton, it features pull on closure and printed patt...",Unisex,Casual,2025-09-09T15:04:01.738178
The Souled Store Men's Printed Round Neck T-shirt,Printed T-Shirts,Unknown,699,https://encrypted-tbn2.gstatic.com/shopping?q=tbn:ANd9GcTJkReWNbIfZeZWOHB3xlx_h4TOOFXUmQmnzs_Imq-3Wko4grps&usqp=CAY,https://encrypted-tbn0.gstatic.com/shopping?q=tbn:ANd9GcQNnbPrfNRQ-fPSL52eC8g8xIbN713CF2iN0CQDqyQHTxO14EQ&usqp=CAY,https://encrypted-tbn2.gstatic.com/shopping?q=tbn:ANd9GcTx628zoIjNj21eMTvpv4BG2XLi7rgZVCh_0DFLpBq5XzUA87O6&usqp=CAY,https://encrypted-tbn2.gstatic.com/shopping?q=tbn:ANd9GcTMZ7bSybGwT-VTBAKJUlODuIhIK084tZCBxm5BLiwwpRdgLA4&usqp=CAY,https://encrypted-tbn3.gstatic.com/shopping?q=tbn:ANd9GcRrCPF9oVJtBJFiC6dD9ZS7rJjNvTau7VvypTljLc6pQpIV6GYP&usqp=CAY,https://encrypted-tbn0.gstatic.com/shopping?q=tbn:ANd9GcRT7rgu6f4SVXvC2fQhfp1ki70N05LRMFa3tlrKboWeclykZp1n&usqp=CAY,The Souled Store,https://www.thesouledstore.com/product/naruto-shippuden-itachi-chibi-men-t-shirts?nsbp=true&srsltid=AfmBOopy5fhz7i0tWS-8osbLu8S9z76WxwO0XkZJneQHScp4LxrSNA7GUas,"This tee isn't just big, it's a statement piece. Made from a super-soft, breathable fabric that feels like your favorite old band tee (but way less...",Unisex,Casual,2025-09-09T15:04:02.150120
The Souled Store Men's Doctor Doom: Doomsday Oversized T-Shirt,Printed T-Shirts,Unknown,599,https://encrypted-tbn0.gstatic.com/shopping?q=tbn:ANd9GcRAZpNdHXxbv_bd6M-Gu7I3RhP37JAjtYK4wAvUqhtHA8BR5pe1HRrfKVLhFUkrl7U-O4zRUxQWnijOKFHKUPKRTZamCywkLA&usqp=CAY,https://encrypted-tbn0.gstatic.com/shopping?q=tbn:ANd9GcSQ5qoJvm9XCf2zqxL1F8pUgKUChxPjbv946ZvhOaif7fTIGx3gAaXzY9iBnP7t_T0cR39byByxKJk3LkINDat5364mrxun&usqp=CAY,https://encrypted-tbn0.gstatic.com/shopping?q=tbn:ANd9GcSTTjYMRAaWkmKSs0q5tWn5i0LGB7jS6hcro8IK6QOhWXQUkhYWWvo1AbF_F2sSPiiany3aKzCN5C_E7hwngbEu2gDxNiDv&usqp=CAY,https://encrypted-tbn3.gstatic.com/shopping?q=tbn:ANd9GcT6b8IX-17a7WK2rjVHTmSuS8u1ggj6pYGgLjF7l318WCHbuIS4Y9_dPwfsA-clmLmBuLR4yvnDlnPUanxT1HRU00QYX17giw&usqp=CAY,https://encrypted-tbn3.gstatic.com/shopping?q=tbn:ANd9GcQaUhQmUSaHFyqPfKVUdjlRI9bxP3NOUgMlYh-G15ECxud8P8h0LK1N5s4YK7gGCUdgDqyyt_eKtHRdK2AD-X7rVqaKMv8Y&usqp=CAY,https://encrypted-tbn0.gstatic.com/shopping?q=tbn:ANd9GcTGun4v-CGt_rT7QyVSZz0QD8eZjo1aywzlOfb_vW6vZ0Z_PBdnIuFOyVX2EbXXs_ZKe7c9FqLMn5C0t7doKdD7js36H0wH&usqp=CAY,The Souled Store,https://www.thesouledstore.com/product/doctor-doom-doomsday-oversized-t-shirts?nsbp=true&srsltid=AfmBOoqd63cE1UlBee6j3q8U5eyOTQEERByJgyVYL8ThIEV91uAkLhaempM,Pack Of Is 1. Brand Color Is Black. Occasion Is Casual. Size Is 3xl. Sleeve Is Half Sleeve. Suitable For Is Western Wear. Tee Length Is Medium. Sle...,Unisex,Casual,2025-09-09T15:04:02.455044
The Souled Store Men's The Witcher Basilisk Oversized T-Shirt,Printed T-Shirts,Unknown,799,https://encrypted-tbn1.gstatic.com/shopping?q=tbn:ANd9GcSOTT4dbnSFk3FxVMoLNc7IRfDsNv2ldbjlEnJtbJTmRamfo7969FxrIE2prH5VvuvMwmaXVbfVExXE2iYcMoxWKInbuGvY&usqp=CAY,https://encrypted-tbn3.gstatic.com/shopping?q=tbn:ANd9GcRwTn4PCyiYHfXfOsbYl-KJrCOC2yRrAhziFdYezQpUBitwxvl3UfJue8jtGJhl7vhnIa4mrhF77-OkRY6AWcxwDLPouBHc&usqp=CAY,https://encrypted-tbn3.gstatic.com/shopping?q=tbn:ANd9GcTxEt58BtCcKga7vhHsPJMyaqzlXP5uoznVRiVDakUrJg2VbX2vW7tMSm_Lse2yBnlNtachfEpnL3RYjQAD5w1ll1R1Dynh&usqp=CAY,https://encrypted-tbn1.gstatic.com/shopping?q=tbn:ANd9GcSok8kTHsurIIKH3xa0e3ElWOi97SMNWhE9v27lHAGlDSP2OBZ1fA3P2oozWIdIrasGd5JaBAno6GrNFHLyG_ds-6NdIBOTRQ&usqp=CAY,https://encrypted-tbn3.gstatic.com/shopping?q=tbn:ANd9GcRkQh8-NwtODgMTwPQmUFdy4UHv2NdRYTD5ikRHUTM_P870-xgfeKSDb62-uGyZDczqcGPppZXb5D5t3ZVcxxgJPVsTDGhT&usqp=CAY,https://encrypted-tbn1.gstatic.com/shopping?q=tbn:ANd9GcRtyBkp4J04OSw29JZ5IbWcojWdOibDG6qA5ZnUtTO1vi6cQm607eB63417B0_vXDjhkTU8OwMvB7_di0sFbQtPtH1OhgJp&usqp=CAY,The Souled Store,https://www.thesouledstore.com/product/the-witcher-basilisk-oversized-t-shirts?nsbp=true&srsltid=AfmBOopcUWoWWP2s1JXs8J_sgMhH4go0EswDAMABcHA10gfEIvY5DiYNaz8,Style Code Is 262388. Neck Type Is Round Neck. Pattern Is Graphic Print. Reversible Is No. Pack Of Is 1. Size Is 3xl. Ideal For Is Men. Sleeve Is H...,Unisex,Casual,2025-09-09T15:04:04.837697
The Souled Store Men's Looney Tunes Oh No! Printed T-shirt,Printed T-Shirts,Unknown,499,https://encrypted-tbn2.gstatic.com/shopping?q=tbn:ANd9GcRfTNO_ArTnvGoXP90DkTlBtR7wMQp4w5YdokRlkCmFuHXT9TkkCm1mE_dJ7OOk0a1SbaR_l4W2S6aZJUAJsgzEEFeSE4uW&usqp=CAY,https://encrypted-tbn1.gstatic.com/shopping?q=tbn:ANd9GcQGzM-IH60Qg4Yl1FCSCWJvInCirbjJG-9NorBok-Lmz0adgtD33UsOi-pbC1wmFjc8OxTFknEgx9KltIi4POMFUIQ40e6z&usqp=CAY,https://encrypted-tbn1.gstatic.com/shopping?q=tbn:ANd9GcSSEYLJVFjzyT7p2owTPpVacBVoOQXhvE4utSSmsDx82UHuh1bwu-q1K0n3UalZi0GSPkPrR-6ROE3irvCQu4fq2ZO3iHnEfQ&usqp=CAY,https://encrypted-tbn0.gstatic.com/shopping?q=tbn:ANd9GcQhdWdm9Q7Z3KqW_urTzHx_-mmIoIBvb5mhDldH0c1YfjETsmDSgJ2Oe1tGjpFE6mJxnI48VqhLi7wvGRDZ88nYBPzfnVulBA&usqp=CAY,,,The Souled Store,https://www.thesouledstore.com/product/looney-tunes-oh-no-tshirts?nsbp=true&srsltid=AfmBOoovmBSz6-saQNmzwCtDszRKFL4LiNyVqwYk0AWrafqcCTbdS_zF-ko,"Keep it comfortable with this beige t-shirt from The Souled Store. Made from high quality pure cotton, it features pull on closure and printed patt...",Unisex,Casual,2025-09-09T15:04:04.950464
The Souled Store Doctor Doom Destroyer Oversized T-Shirt,Printed T-Shirts,Unknown,899,https://encrypted-tbn1.gstatic.com/shopping?q=tbn:ANd9GcT2I_-geph3KCLq8tHD8aLmm39anyTdCwI4qmX_wO7NMfJwOEWtKZEfiddbZKWwUySJpTHwu23AvvTOvmm1GxIyVRbV9Siw2w&usqp=CAY,https://encrypted-tbn3.gstatic.com/shopping?q=tbn:ANd9GcSu4FeCUaKeHjSLLYZyV3w8yUtCE4Euxm-LtRIbloZ9wOHTjECh3s8zIbBsiJ3Sf1bhe2KZeaRWJ339uws8Fq0bJbNCSY9aBw&usqp=CAY,https://encrypted-tbn1.gstatic.com/shopping?q=tbn:ANd9GcT5SHUz8ZxXrMTfP1RD-HweYbASfqyK6CjtmYxwx109tDhDtraCVCMbigquJxqeqfFcArTD7bi7yPnzvvkyENv7p1-21bYx0Q&usqp=CAY,https://encrypted-tbn1.gstatic.com/shopping?q=tbn:ANd9GcQR2syStJIbuicxp7Ta8J81vrUClDMayoTraEhVxoU8SZ7uKgCtjR3aYrk2XM8HTEA2qL197z6wDNABCq3VdCe3HT5vT606&usqp=CAY,https://encrypted-tbn3.gstatic.com/shopping?q=tbn:ANd9GcSOlsvZzJPSVpSQ0ybTV35ju9mAl314w6m0iAo8UGY-4XWLEZmGwm8IG0Un3ewVlSr9_UmxAuydg2nIlH1fnpauyXdR7-Vhlg&usqp=CAY,https://encrypted-tbn3.gstatic.com/shopping?q=tbn:ANd9GcS7AGdI19G9eib1kX91Z3hdGNadluIezNWIF5uMm7gB7reRPgaaSO5Kp7g0vxDv4d3QQ2fIW9TvsXl7KOMWPlU8Bl4EXy01oQ&usqp=CAY,The Souled Store,https://www.thesouledstore.com/product/doctor-doom-destroyer-oversized-t-shirts?nsbp=true&srsltid=AfmBOopXH2aFrs1RizFIHJpXKVMjBXF5cy3WBB70JkfpGtSKvRREi5cfeDU,Pack Of Is 1. Brand Color Is Dark Green. Occasion Is Casual. Size Is 3xl. Sleeve Is Half Sleeve. Suitable For Is Western Wear. Tee Length Is Long. ...,Unisex,Casual,2025-09-09T15:04:08.612809
The Souled Store Men's Graphic Printed Round Neck T-Shirt,Printed T-Shirts,Unknown,799,https://encrypted-tbn1.gstatic.com/shopping?q=tbn:ANd9GcS7JBFQ79QWQ4PkD8Nxwg-wPJ5NCrrBlN8nCRA3DO5fLwXB3dxy8C5n6WFclygXWoZrPvf7eNqNZ76GHTd8nPwIZ4HRomcPiw&usqp=CAY,https://encrypted-tbn3.gstatic.com/shopping?q=tbn:ANd9GcQkzai3vcTtsZ8Oru3136B3-rf0tRilNpAZTTkYSg8JE6VfsOLSnRsZ5WMTX7FR8qNRqYMAMFFHmh31SbBCGPwLvs7tqKcz&usqp=CAY,https://encrypted-tbn2.gstatic.com/shopping?q=tbn:ANd9GcTr_i0hOeM4NmuID8Hnj4hqN-KTrXjVdzDAzjF5HVBPA8P1PWxZ7z-c2sLyodVMJAHAjPzrx69LbCReNumcTxDK2TyJm7D1&usqp=CAY,https://encrypted-tbn2.gstatic.com/shopping?q=tbn:ANd9GcSyNkhIGMP02gbZpY1Z_7PlhbI2re4UZXUNDVk7dVOA-qHmPcDAOgwvWux1JGmnscwFHAXYac_jrdnXT9EYyAydPKIH1VgA&usqp=CAY,https://encrypted-tbn1.gstatic.com/shopping?q=tbn:ANd9GcSCgcBhUt1rmCt8Y2H395kde8a3fl8CQqRDYxxZsJu2YH325nNyNnbq3wFgzHEjvFrH20TcurhpOK35HlQC5qM4umYLuKsIiA&usqp=CAY,https://encrypted-tbn0.gstatic.com/shopping?q=tbn:ANd9GcSgdl1OLh8SXZjGnS0NzSYF6OCWq7cPru7EeDg7qvjz75kr6wZ9azywe8fpeAXtM0q8i4xE_w3k88wxh_CAgEDZlxDOjb3PMQ&usqp=CAY,Amazon.in,https://www.amazon.in/Souled-Store-Official-Deadpool-Oversized/dp/B0DDXN4BD8?source=ps-sl-shoppingads-lpcontext&ref_=fplfs&psc=1&smid=A1WYWER0W24N8S,"Warning: May cause uncontrollable chimichanga cravings! Designed for those who appreciate lounging around in style, these tees are a wardrobe essen...",Unisex,Casual,2025-09-09T15:04:13.620121
The Souled Store Men's Harry Potter: Slytherin Graphic Printed Regular T-Shirt,Printed T-Shirts,Unknown,649,https://encrypted-tbn2.gstatic.com/shopping?q=tbn:ANd9GcQ14hzzqdpim6WRkhzsqGffHbSJi8r_ts0Q5kMBH2p43fuXratA1UsgmYWRctkCqsn-gzBO8oBpxDj_2c0jHUo9BxNOVfnB&usqp=CAY,https://encrypted-tbn2.gstatic.com/shopping?q=tbn:ANd9GcR5mT08E3dw8B7-Lq5Yyd1LYpoplqpivGbijbfgCFbwgvKPyjbTSQ2OcbCvbyfDxaVM5VIwoYyIxLXqMKJ0IQWs1Ik1KlId&usqp=CAY,https://encrypted-tbn2.gstatic.com/shopping?q=tbn:ANd9GcQF-Dus6UEWaqeA4gAcbu1Rg8300OAH_M0A58KdYKRT-om7H2IXBaaEvQdNaAMx63GSVzNcisUMdM_J_BlgHOao7E7_gQn97w&usqp=CAY,https://encrypted-tbn2.gstatic.com/shopping?q=tbn:ANd9GcSb8vqABOS-iCY_YKuCImejsPERXIKP6guuG_FRlBsravTqRwFDxp65f2OQpLoxD2Fn2M1N0ha66FvsVCNOPBwzY542mjvw&usqp=CAY,https://encrypted-tbn1.gstatic.com/shopping?q=tbn:ANd9GcT9G9wkVheFHcBtK9GTOJEbx-nsuBqVFlcm875MbY9cgXDzO1TeNtkN9S8Do8jLYzs90oB2VCmVe3l6O_VBWjzf-43w-fab&usqp=CAY,https://encrypted-tbn0.gstatic.com/shopping?q=tbn:ANd9GcTN6Y-aWzF5hI6Yytlz_56nwdYn97it6v16t7uK45BDianPXMQtvfWKvDQats8SzXKb1owH_dIo7ziiEq6n_3JXN-2LPpos&usqp=CAY,The Souled Store,https://www.thesouledstore.com/product/harry-potter-slytherin-half-sleeve-tshirts?nsbp=true&srsltid=AfmBOorPTcy_QGZGg1ts3zAB5mY6j8e766UMuOM-c1iFjK3eXsTf2DRrrRM,No description available.,Unisex,Casual,2025-09-09T15:04:17.100791
The Souled Store Men's Official Courage: Existential Crisis T-Shirt,Printed T-Shirts,Unknown,499,https://encrypted-tbn0.gstatic.com/shopping?q=tbn:ANd9GcRfKHSQieBR2WtMBal3GAsblaJZ5hCqQcvb7K9bNL2fxfK2hXZdOgi_ufiwspgPzjXJlrTIRNwGurIJRNHwPO90bgMq28Ic&usqp=CAY,https://encrypted-tbn0.gstatic.com/shopping?q=tbn:ANd9GcRHwNZB4GB-iMyrXfgtgiRr6gSD5Iqeo0YxyX3XrxsAg8nDapscJUpHVFufuSMT4xc6nE1LpBeATeFnr1EHKwa1SFkoCwSd&usqp=CAY,https://encrypted-tbn0.gstatic.com/shopping?q=tbn:ANd9GcRhpyub_4Y__dlcDSFpwkLwIGyYwgmZkHLMqZPyq49wMwCandSuYBlPuOODhgXZVGDbU3xjOytLMKWySsIE4jt4rWG9Ok4_&usqp=CAY,https://encrypted-tbn0.gstatic.com/shopping?q=tbn:ANd9GcTlCgIUqGHkGSkFNwgj_jwrS5UVSLfpFWvs24rDpAG-g5MAl8Gxwo0Qp5B97X0GEISGfdEENtTsrSyC9lURvq9UwIskxBVQfA&usqp=CAY,https://encrypted-tbn0.gstatic.com/shopping?q=tbn:ANd9GcQR0h8S9r7k9Lu4B5zlS0AUYfcWQIGIPNm8eLxFVb4kjQoYKmTZtqSmN1XH6hjA20ENcBfG3jyvliK-gz8qawVMy38WJG_k&usqp=CAY,https://encrypted-tbn2.gstatic.com/shopping?q=tbn:ANd9GcSjnNt93XEfvXuWWGg0yn3RZ20lU-EGVYKuN5h2F_scP13HL_ItItXuJ4lbGpBDMFMX6f8UVPmM7E-dQQF_CMwmyo_SY7s9eA&usqp=CAY,The Souled Store,https://www.thesouledstore.com/product/courage-existential-crisis-men-tshirts?nsbp=true&srsltid=AfmBOopvOeM5eGJXyoJbGYjYMK9InIQqz3aObIdxq4jIGJyDZi-_HQnS4qM,Sport Type Is Na. Style Code Is 263532. Neck Type Is Round Neck. Pattern Is Graphic Print. Reversible Is No. Pack Of Is 1. Brand Color Is Purple. O...,Unisex,Casual,2025-09-09T15:04:19.260737
The Souled Store Men's Superman: Super Chibi Round Neck T-Shirt,Printed T-Shirts,Unknown,699,https://encrypted-tbn0.gstatic.com/shopping?q=tbn:ANd9GcQEpAyraRh5AtTqLbm7xh7abjaWgrDGKcb-EpcV4LV9bDIsC0slBnbuZ2nfoVhhjH4QHbn-0gp0TQ00pW8lkk1-rxLW_hGHRA&usqp=CAY,https://encrypted-tbn2.gstatic.com/shopping?q=tbn:ANd9GcQaJfx6CzhZxm5oAiglNnN_XULBXW01Ykqijuww6I69WlM1z23GRjkA_0C0SMeDU0wL7nF1ig7AFhR1Z4Lh-Ni2Z-OvYYEbtA&usqp=CAY,https://encrypted-tbn2.gstatic.com/shopping?q=tbn:ANd9GcS5RKDeOjGrxcY0cveGJk-J5kKt4zfH1gIE1YEneAmYA53GlyNi_9GZz0BpY1lBl8K0NbYLvGzQvU9wYbJyRM68zSOTEJ8z&usqp=CAY,https://encrypted-tbn0.gstatic.com/shopping?q=tbn:ANd9GcSj-HULIYRyI6mfvl4gJZaZo0FQ_J5YeROpdbAK3YmcOJTqMY_feGeDS-enwj20MWabMtGJWANoaOxby7uN2jBhDcB0EE0-&usqp=CAY,,,The Souled Store,https://www.thesouledstore.com/product/superman-super-chibi-mens-tshirt?nsbp=true&srsltid=AfmBOoqNL0KjQkeqfJuvbTqszaboaCtqxRafgWoLp6D4Z1iz7SegQ2Ms0qM,"Official Licensed Superman T-Shirt."" X-ray vision not included, but this tee is just Super! Designed for those who appreciate lounging around in st...",Unisex,Casual,2025-09-09T15:04:20.990666
The Souled Store Men's Looney Tunes: Hungry Taz T-Shirt,Printed T-Shirts,Unknown,499,https://encrypted-tbn3.gstatic.com/shopping?q=tbn:ANd9GcRiLEc7mC7qRM_iKf8NDDGC2UJGXO9y4kBTbB0xfObOat1TxTUnD3pC2rtwgh8uIeqMUtymbjG_TA0nYs5kWJQLf1uDXm7pfg&usqp=CAY,https://encrypted-tbn1.gstatic.com/shopping?q=tbn:ANd9GcTXommX8ZHmNKRkrA5m-MYSElZ6sFOSCoo5srzgDXthvHrNxHzn2Ux0IAztWzEbrsG6QEWZkmrkyq5Peie212PPhmXA19N-DA&usqp=CAY,https://encrypted-tbn2.gstatic.com/shopping?q=tbn:ANd9GcTXKCEr7sfzcFomGDBqG1SbM18rWNmJA65rgnxUTyQ3A8reQIOe0vE_sav5TP9RgBeU6DgGOrNFYYl19gftPm6hLs5YWRJm&usqp=CAY,https://encrypted-tbn0.gstatic.com/shopping?q=tbn:ANd9GcRhccDdP8PbVwBVRmI9hvTS6Sv7J5oxl_z89XyD0nHijHrXypXqxAT6SHbKPJZw2oUhcUEKDpczKMur9gzE6UXy_VI-k03j&usqp=CAY,https://encrypted-tbn0.gstatic.com/shopping?q=tbn:ANd9GcR8TA8lnPeXa9rpAAVQIDSLCDpLI5yHbnDv7GdqKw5Bx_CG71zz98A0SmwmLDmi15xESEOJpb34xQNTsgOjOh-zKxsiN6i_&usqp=CAY,https://encrypted-tbn3.gstatic.com/shopping?q=tbn:ANd9GcTOrG7R50mtItcgk-I2jGY3_F7S5Q08aDk2gWmcgulv2AEzNrjLxkbSKO8tqi1lUmCtRYrCsLFGixwBv50-hrD2OhFFGkHr&usqp=CAY,The Souled Store,https://www.thesouledstore.com/product/looney-tunes-hungry-taz-tshirts?nsbp=true&srsltid=AfmBOoreWX8gf1UoUySkEpcGUQ9v0rTjtTf_yte74Uk3Jfbr9KOadbUargU,"Give your wardrobe a quick overhaul with this green t-shirt from The Souled Store. Crafted from cotton, it is designed with half sleeves and a roun...",Unisex,Casual,2025-09-09T15:04:25.804865
The Souled Store Men's Samsara Floral Printed T-Shirt,Printed T-Shirts,Unknown,1499,https://encrypted-tbn0.gstatic.com/shopping?q=tbn:ANd9GcTC6qUK_qaeLvfFsHsE9GBa_dKy4LGAv3U_MXrIiujs3ka7M9A&usqp=CAY,https://encrypted-tbn3.gstatic.com/shopping?q=tbn:ANd9GcSf9ypLG5zrIbdMVgJCRMK1jZ4BKWEAhT7wCgYzrEeTHnUTlr4&usqp=CAY,https://encrypted-tbn0.gstatic.com/shopping?q=tbn:ANd9GcR-sgUQJT4HIKmcgcEbmlPzaWK30rdV3VRlzZ8GeLwyzm-CYSE&usqp=CAY,https://encrypted-tbn3.gstatic.com/shopping?q=tbn:ANd9GcRhGOYE5-6DRrKG6Xfze58ER-o_-w3iGUXnTdOpCrezu4lwM9I9&usqp=CAY,https://encrypted-tbn3.gstatic.com/shopping?q=tbn:ANd9GcQR7aaBMnVgcuqx8kji-rZEhywHpb8bKxMuV8_WyGDbSXXLWIo&usqp=CAY,https://encrypted-tbn3.gstatic.com/shopping?q=tbn:ANd9GcTkc1WxOQUlrytEzBQZW-zEknpFLXrucCuf3EtPVjv-kbyJX7Y&usqp=CAY,The Souled Store,https://www.thesouledstore.com/product/tss-originals-samsara-super-oversized-tshirts?nsbp=true&srsltid=AfmBOoqR3wagTy_n96NoQl86afrQK7OTET-Caiatedkh-HQc77Q0Q0AV_Nc,Revamp your closet with this grey t-shirt from The Souled Store. Made with high-quality pure cotton fabric. It features graphic pattern with half s...,Unisex,Casual,2025-09-09T15:04:27.952741
The Souled Store Men's Relaxed Fit T-Shirt,Printed T-Shirts,Unknown,599,https://encrypted-tbn0.gstatic.com/shopping?q=tbn:ANd9GcQeNwyXUABy2UOvLOt2RJAT1sfk36bMtVmmRWKNv9Ienf5zlqxNWLbt_Cik-TM4lBQhpKojr_pVjLfy3-t4eg1NcRy1GYaf&usqp=CAY,https://encrypted-tbn3.gstatic.com/shopping?q=tbn:ANd9GcR7vlNN4T4H90bHSPYRIlaDoqVr_psSplYwLnJ61bv2iRH_0xgTqjQiVtyYUv4K_cY9lNuP3dF1np73IoW2aimqd2Baktw6&usqp=CAY,https://encrypted-tbn1.gstatic.com/shopping?q=tbn:ANd9GcS3fwJ8ngSCumSrTayQ_C5AExZgv0geuR-dCqsLJmhcbxOooamUOfxLkfmQNue83Dkx6C_4B2VaAkm28qB1-nhZDp_KYcTQcg&usqp=CAY,https://encrypted-tbn3.gstatic.com/shopping?q=tbn:ANd9GcRkFBG_0crjnYk7RfDgV6QFAsIZdCMOKcqDowhqjchxzy5MCd_ktnhyIcltvlFMJrWz6jzMui_CfKBYk3dzOtvgP-u6iXrz&usqp=CAY,https://encrypted-tbn1.gstatic.com/shopping?q=tbn:ANd9GcRdprGva90urksbcPOU_pBxJZYZmOVIAZ0XK6vgTQ3fKTu_cGyxYJVWEoZ-e05LGaotu7dhQQnSYQ69t-JYi27J4VFhMX0HhQ&usqp=CAY,,The Souled Store,https://www.thesouledstore.com/product/men-relaxed-fit-t-shirts-printed-t-shirt-do-nothing?nsbp=true&srsltid=AfmBOoqmsS1btd5nQZ5X1RYCOM63EFUXrsiK5uevck36KMVWWyXs99mQ8vA,"This Men's Relaxed Fit Brown Embroidered Cat T-shirt Combines Comfort And Style Effortlessly. Crafted From 100% Cotton, It Features A Charming Embr...",Unisex,Casual,2025-09-09T15:04:31.552249
The Souled Store Men's ASAP Printed T-Shirt,Printed T-Shirts,Unknown,449,https://encrypted-tbn2.gstatic.com/shopping?q=tbn:ANd9GcQ0IAI5THwM-efKGUrippCoWtjK6ibzvdBw_abdqIY8Z_A5ZXR_&usqp=CAY,https://encrypted-tbn2.gstatic.com/shopping?q=tbn:ANd9GcT_-Ilwj6lsi0M7IVwahGTVWjcKPI89n_SVWbgAeldl05M4tio&usqp=CAY,https://encrypted-tbn0.gstatic.com/shopping?q=tbn:ANd9GcQoAyaqhIBzq27ipNd8hcCcOwTSewllH_MQhAXdaNImA3zQEZQ&usqp=CAY,https://encrypted-tbn0.gstatic.com/shopping?q=tbn:ANd9GcSCWK8ThUDKa-Svfc2hqcfSvfdVO6JFLDurm9I27ylxXLZGrQM&usqp=CAY,https://encrypted-tbn3.gstatic.com/shopping?q=tbn:ANd9GcTwOPH6PmJRdoml2Cxgu2is4YYUg2QRa-kvH2GqkRbSbeHvOIQ&usqp=CAY,,The Souled Store,https://www.thesouledstore.com/product/tss-originals-asap-men-t-shirts?nsbp=true&srsltid=AfmBOoq-5VyPRiWtiBiism7H4-RZlkDy0cS1TrzW9i5e_YOYWKDDL-lrsYk,Colours may slightly vary depending on your screen brightness. The product specifications mentioned above may vary by +/- 10%.,Unisex,Casual,2025-09-09T15:04:35.142580
The Souled Store Men's Printed Polo Neck T-Shirt,Printed T-Shirts,Unknown,1199,https://encrypted-tbn2.gstatic.com/shopping?q=tbn:ANd9GcS5uoQJRGJvOZcm3zZFqngVThbto5Q2YoGqTFRW5rcEujawvsam6fQPzaTQ4rlaikVL_SASbog2nO9O4yE4BRms3AfkPoYH&usqp=CAY,https://encrypted-tbn3.gstatic.com/shopping?q=tbn:ANd9GcTXsImWmGFIG6jedrxq8K1UMjH1Cwy5Wi7u7hisA9mTieD9UGikUENTnRx5xV-qByNAk9_JO1AWd6OAQJkGl5SOwHWYYjQe&usqp=CAY,https://encrypted-tbn0.gstatic.com/shopping?q=tbn:ANd9GcSRw3jIaMk44TXaM1Z9NgN7ow4dqlJPYHfbIQ7Wyr3xf8nR6IFJjwbYvqmZVV-Z7Diq9gj7jsRzD_gzaDqcMy8o2sm_5Q_Pbg&usqp=CAY,https://encrypted-tbn2.gstatic.com/shopping?q=tbn:ANd9GcQ9EZY8H_CUEDWlOxHT61cWSERKytAYjb50MRJUqvxDlruCQbkw8jTXSBjKVedHxm5BMuAxzWWJ6tjz5P1xm5a6u1Yxm-l72A&usqp=CAY,,,The Souled Store,https://www.thesouledstore.com/product/tss-originals-flair-polo?nsbp=true&srsltid=AfmBOop2G1fCO_YSjiCyH_H3iwQJmGgyL3B5iyt_HUZ7yjEnbuoWzoXPEWw,"This polo's got your back (and style game) covered. Crafted from breathable fabric that's soft as a summer breeze, it keeps you comfy all day long....",Unisex,Casual,2025-09-09T15:04:37.271489
The Souled Store Men's Printed T-Shirt,Printed T-Shirts,Unknown,749,https://encrypted-tbn1.gstatic.com/shopping?q=tbn:ANd9GcSCoyvz9fGggzs7LCStJeqqeqJ88CrUsb1-1P5wnRlWFK_yRarOhFrpBGvX4Zt0zbVWf8XM8UGBHDIULHzviL0dL4DhL6N5&usqp=CAY,https://encrypted-tbn1.gstatic.com/shopping?q=tbn:ANd9GcSxHZ6ONg7NUhUU4fnzAe-LOCnZSHkeVewed-Fz8cbBXLworKLtE2ICvg-cdPE45FM8Fnmq8Y6gChKXOHYYaSXNMKZ483D_&usqp=CAY,https://encrypted-tbn2.gstatic.com/shopping?q=tbn:ANd9GcQOB2SK49hVxnW6nemoRW8v64AT1s4_VPahzV8QlGavefQ4O__mEvUiMFsvdEe695nwU4bLk-p4-Q1RbO3EBlh_8qxL432Z8Q&usqp=CAY,https://encrypted-tbn1.gstatic.com/shopping?q=tbn:ANd9GcQNBIxQANAyEvpIZR2bZnGivbuJNgy64CUYXnsdxyuyMGstl_ls2U0DYzlWkDnHNrnFDyRNBIwHycn09v_Bko2AoM4ZP06e&usqp=CAY,https://encrypted-tbn2.gstatic.com/shopping?q=tbn:ANd9GcRvWrFW1lVmd_B7r2DxauDnjskNWOry8Qs2ru4wqdWxvsFY6aqKZvO-c_LnyTqrEACmkkn_g2Zb68gTwLCScW3Qjo2kJcJX&usqp=CAY,https://encrypted-tbn1.gstatic.com/shopping?q=tbn:ANd9GcRvBxzGkrMeyXhRjT4ioOZpxro8aCoulfa_xPOPbFzYsYATrC0Pt5kVmp1JNQCPaj6edEHsWaqal4Y6XVCb-y3jMzpApP9O&usqp=CAY,The Souled Store,https://www.thesouledstore.com/product/harry-potter-ministry-of-magic-oversized-tshirts?nsbp=true&srsltid=AfmBOor-FM4m3D0PNPYukOA8J-7VkKmUQMUfQjB9XWlmn3mMSmdeBTFlOQU,"Description : Stay on trend with this green t-shirt from The Souled Store. Made from high quality cotton, it features pull on closure and typograph...",Unisex,Casual,2025-09-09T15:04:41.374058
The Souled Store Men's Official Spider-Man: Miles Logo T-Shirt,Printed T-Shirts,Unknown,499,https://encrypted-tbn2.gstatic.com/shopping?q=tbn:ANd9GcSs8mrpDxVF7pLIGuS7YIu1PORaImMk2d63d-uA_6AxsURdAcM&usqp=CAY,https://encrypted-tbn1.gstatic.com/shopping?q=tbn:ANd9GcTYNrh99SkznJ6vz4yUdiG5Ft8eiyhObgfcQHUtjSVAt6qIhDs&usqp=CAY,https://encrypted-tbn2.gstatic.com/shopping?q=tbn:ANd9GcRHPLmbGAeKrj2ghRtz5UgDtuWbflelNkxuzQYSrj5fpzS6J6sW&usqp=CAY,https://encrypted-tbn1.gstatic.com/shopping?q=tbn:ANd9GcTX8KyYe9StkuBfvODBCho-B4rUbFmYadtMxPiW1Mr6OKBmffE&usqp=CAY,https://encrypted-tbn2.gstatic.com/shopping?q=tbn:ANd9GcQTmEk3LCJq8XmEj3XZuFxDw4Lxhs_arwoK0MggLM52vdUMp90&usqp=CAY,https://encrypted-tbn3.gstatic.com/shopping?q=tbn:ANd9GcTyFGWQdz3xW0nEFYUxpqrRFotYKyyLG3leFMPNKqKCQN0qWTlT&usqp=CAY,The Souled Store,https://www.thesouledstore.com/product/spiderman-miles-logo-t-shirts?nsbp=true&srsltid=AfmBOophel-wR3RTC_u077h1b3AMbr48cO9LxouFpvRdCJ5k5bl33TgsMzc,"Give your wardrobe a quick overhaul with this black t-shirt from The Souled Store. Crafted from cotton, it is designed with half sleeves and a roun...",Unisex,Casual,2025-09-09T15:04:44.554911
The Souled Store Women's Powerpuff Girls Graphic Printed T-shirt,Printed T-Shirts,Unknown,949,https://encrypted-tbn0.gstatic.com/shopping?q=tbn:ANd9GcTVp3jU4NU8gEA6ujCVya1qG0zOxHZhxQG1Vl5G8_lPgQesjPqFzYzwV7y6_IquWSOJS6QPh5C3i3sk1rzKrPA8ZUGPblbQ&usqp=CAY,https://encrypted-tbn0.gstatic.com/shopping?q=tbn:ANd9GcTPIOu-Fg3atkfGa6QNI6_AAQ6-fUmIr8O0fgfZU59wht0RDXyoYELCPjlvY33-LX3ATxXBtaVfkPY18iMTkz-1WWHfEHSR&usqp=CAY,https://encrypted-tbn0.gstatic.com/shopping?q=tbn:ANd9GcQhmmKkbsyZUR2QhtmzhZBjlOMtYwytM2uLZCJLEvyR4nWlUcG23HqmsGTHnC1WCGoZmXer4kIM77AFSwzxkTxDOEWS9QWU&usqp=CAY,https://encrypted-tbn3.gstatic.com/shopping?q=tbn:ANd9GcQL8g0CP4j9Ms6mAz497yCuGAEbkb5fHHNQdbXKMtQiBbdd_cUnkDO8BP0qaR-ySyW_5nKXd0yMOX7OHmXFbwszc9RDhaU5SA&usqp=CAY,https://encrypted-tbn1.gstatic.com/shopping?q=tbn:ANd9GcSE6xRo69MJQHwP-ZE1eeK6talX9_uNoP9c1yS2ZRflH4LaLm32LImqL4dgepk9kEs_2T2mk3VtCYvr-slmgZ291NlL-Yap&usqp=CAY,https://encrypted-tbn3.gstatic.com/shopping?q=tbn:ANd9GcRdFCaVi3Hv7kstvwYo-ezGOnGIoikp3TRS3CXHMN3sz-J6N02QeS6XDLteLvMaCQUGYyJuhnB8nUKNi4oN5ugX2fUgBDyK&usqp=CAY,The Souled Store,https://www.thesouledstore.com/product/powerpuff-girls-fighter-club-women-oversized-t-shirts?nsbp=true&srsltid=AfmBOorJKqfW6U_8SMVcjwsBJWQd369H3ug0MDaaXPXXAVSgxatXtRHFX7c,White Tshirt for women Powerpuff girls graphic printed Regular length Round neck Short drop-shoulder sleeves Knitted cotton fabric,Unisex,Casual,2025-09-09T15:04:47.723801
The Souled Store Men's Official TMNT: The Squad T-Shirt,Printed T-Shirts,Unknown,449,https://encrypted-tbn3.gstatic.com/shopping?q=tbn:ANd9GcQqMopOa43giYya0DVtcCzrfANpn9nrmo8ngjqZyX4uUBWmVC-CXr2ljlqyTZBuoyxGHKEFfaJhsRL9Ve6J2J_7geb1cU1J7g&usqp=CAY,https://encrypted-tbn0.gstatic.com/shopping?q=tbn:ANd9GcQjgDLXHIL0FJt9YpqtCNfic7xGFEFw9Ip6Aw5GucSM7B-miZTa4ffeYp_AB0_m8Z8y77EHw7GutnDm08giisZoYZCLKUvxqg&usqp=CAY,https://encrypted-tbn2.gstatic.com/shopping?q=tbn:ANd9GcRHAlnGq-cZjhKQG-iFOPH8vxMKD8lIcRqZIO_bs2IkoPyN-r8-x_WQB1Z8H4sir4W4vyIZp07SU4I5jIDjqCLIRngtouZMmA&usqp=CAY,https://encrypted-tbn0.gstatic.com/shopping?q=tbn:ANd9GcRa7VnK-I8LvRjDVbUV25PQin44o7BSNKtVPFyRt8zkTxNbkSIEGfNxraPm9o17UqrLCO40Q6w0b45qck4RlkOB89_pAAOdvA&usqp=CAY,https://encrypted-tbn3.gstatic.com/shopping?q=tbn:ANd9GcRe2yD_MYAkbgkWDAze2icUTxEchJ-8RN4LZ8t2YgPXihk8liA_9sQdEtLQkelIUHsakaDejuGMuMs1BJcxL5kUL7O_wTqJ&usqp=CAY,https://encrypted-tbn0.gstatic.com/shopping?q=tbn:ANd9GcTEYOIhRGad7nI59Euhwh6-pOHU95FxDs6MAGlcOL15Mdz6fwcwjJ-GLgc0iuIhMDyfwLjDWvC4OQneqOHWXfgNDC5MM0JFyA&usqp=CAY,The Souled Store,https://www.thesouledstore.com/product/tmnt-the-squad-men-t-shirt?nsbp=true&srsltid=AfmBOopllMMgvHF31jzaGhF6Xj52upWACeuhu5RBxWU6CWzS9NpyylqX4pM,"Give your wardrobe a quick overhaul with this green t-shirt from The Souled Store. Crafted from cotton, it is designed with half sleeves and a roun...",Unisex,Casual,2025-09-09T15:04:50.686177
